Workbook

Sheet user_behavior_dataset
A1: User ID | B1: Device Model | C1: Operating System | D1: App Usage Time (min/day) | E1: Screen On Time (hours/day) | F1: Battery Drain (mAh/day) | G1: Number of Apps Installed | H1: Data Usage (MB/day) | I1: Age | J1: Age Group | K1: Gender | L1: User Behavior Class | M1: Active_User_60min | N1: Engagement_Level | O1: High_Data_User | P1: High_Battery_Usage
A2: 1 | B2: Google Pixel 5 | C2: Android | D2: 393 | E2: 6.4 | F2: 1872 | G2: 67 | H2: 1122 | I2: 40 | J2: =IF(I2="","Unknown",IF(I2<25,"<25",IF(I2<=40,"25–40","40+"))) -> 25–40 | K2: Male | L2: 4 | M2: =M6 -> Yes | N2: =IF(user_behavior_dataset!$D2<60,"Low", IF(user_behavior_dataset!$D2<=180,"Medium","High")) -> High | O2: =IF(user_behavior_dataset!$H2>=1341,"Yes","No") -> No | P2: =IF(user_behavior_dataset!$F2>=2229,"Yes","No") -> No
A3: 2 | B3: OnePlus 9 | C3: Android | D3: 268 | E3: 4.7 | F3: 1331 | G3: 42 | H3: 944 | I3: 47 | J3: =IF(I3="","Unknown",IF(I3<25,"<25",IF(I3<=40,"25–40","40+"))) -> 40+ | K3: Female | L3: 3 | M3: =IF(D3>=60,"Yes","No") -> Yes | N3: =IF(user_behavior_dataset!$D3<60,"Low", IF(user_behavior_dataset!$D3<=180,"Medium","High")) -> High | O3: =IF(user_behavior_dataset!$H3>=1341,"Yes","No") -> No | P3: =IF(user_behavior_dataset!$F3>=2229,"Yes","No") -> No
A4: 3 | B4: Xiaomi Mi 11 | C4: Android | D4: 154 | E4: 4 | F4: 761 | G4: 32 | H4: 322 | I4: 42 | J4: =IF(I4="","Unknown",IF(I4<25,"<25",IF(I4<=40,"25–40","40+"))) -> 40+ | K4: Male | L4: 2 | M4: =IF(D4>=60,"Yes","No") -> Yes | N4: =IF(user_behavior_dataset!$D4<60,"Low", IF(user_behavior_dataset!$D4<=180,"Medium","High")) -> Medium | O4: =IF(user_behavior_dataset!$H4>=1341,"Yes","No") -> No | P4: =IF(user_behavior_dataset!$F4>=2229,"Yes","No") -> No
A5: 4 | B5: Google Pixel 5 | C5: Android | D5: 239 | E5: 4.8 | F5: 1676 | G5: 56 | H5: 871 | I5: 20 | J5: =IF(I5="","Unknown",IF(I5<25,"<25",IF(I5<=40,"25–40","40+"))) -> <25 | K5: Male | L5: 3 | M5: =IF(D5>=60,"Yes","No") -> Yes | N5: =IF(user_behavior_dataset!$D5<60,"Low", IF(user_behavior_dataset!$D5<=180,"Medium","High")) -> High | O5: =IF(user_behavior_dataset!$H5>=1341,"Yes","No") -> No | P5: =IF(user_behavior_dataset!$F5>=2229,"Yes","No") -> No
A6: 5 | B6: iPhone 12 | C6: iOS | D6: 187 | E6: 4.3 | F6: 1367 | G6: 58 | H6: 988 | I6: 31 | J6: =IF(I6="","Unknown",IF(I6<25,"<25",IF(I6<=40,"25–40","40+"))) -> 25–40 | K6: Female | L6: 3 | M6: =IF(D6>=60,"Yes","No") -> Yes | N6: =IF(user_behavior_dataset!$D6<60,"Low", IF(user_behavior_dataset!$D6<=180,"Medium","High")) -> High | O6: =IF(user_behavior_dataset!$H6>=1341,"Yes","No") -> No | P6: =IF(user_behavior_dataset!$F6>=2229,"Yes","No") -> No
A7: 6 | B7: Google Pixel 5 | C7: Android | D7: 99 | E7: 2 | F7: 940 | G7: 35 | H7: 564 | I7: 31 | J7: =IF(I7="","Unknown",IF(I7<25,"<25",IF(I7<=40,"25–40","40+"))) -> 25–40 | K7: Male | L7: 2 | M7: =IF(D7>=60,"Yes","No") -> Yes | N7: =IF(user_behavior_dataset!$D7<60,"Low", IF(user_behavior_dataset!$D7<=180,"Medium","High")) -> Medium | O7: =IF(user_behavior_dataset!$H7>=1341,"Yes","No") -> No | P7: =IF(user_behavior_dataset!$F7>=2229,"Yes","No") -> No
A8: 7 | B8: Samsung Galaxy S21 | C8: Android | D8: 350 | E8: 7.3 | F8: 1802 | G8: 66 | H8: 1054 | I8: 21 | J8: =IF(I8="","Unknown",IF(I8<25,"<25",IF(I8<=40,"25–40","40+"))) -> <25 | K8: Female | L8: 4 | M8: =IF(D8>=60,"Yes","No") -> Yes | N8: =IF(user_behavior_dataset!$D8<60,"Low", IF(user_behavior_dataset!$D8<=180,"Medium","High")) -> High | O8: =IF(user_behavior_dataset!$H8>=1341,"Yes","No") -> No | P8: =IF(user_behavior_dataset!$F8>=2229,"Yes","No") -> No
A9: 8 | B9: OnePlus 9 | C9: Android | D9: 543 | E9: 11.4 | F9: 2956 | G9: 82 | H9: 1702 | I9: 31 | J9: =IF(I9="","Unknown",IF(I9<25,"<25",IF(I9<=40,"25–40","40+"))) -> 25–40 | K9: Male | L9: 5 | M9: =IF(D9>=60,"Yes","No") -> Yes | N9: =IF(user_behavior_dataset!$D9<60,"Low", IF(user_behavior_dataset!$D9<=180,"Medium","High")) -> High | O9: =IF(user_behavior_dataset!$H9>=1341,"Yes","No") -> Yes | P9: =IF(user_behavior_dataset!$F9>=2229,"Yes","No") -> Yes
A10: 9 | B10: Samsung Galaxy S21 | C10: Android | D10: 340 | E10: 7.7 | F10: 2138 | G10: 75 | H10: 1053 | I10: 42 | J10: =IF(I10="","Unknown",IF(I10<25,"<25",IF(I10<=40,"25–40","40+"))) -> 40+ | K10: Female | L10: 4 | M10: =IF(D10>=60,"Yes","No") -> Yes | N10: =IF(user_behavior_dataset!$D10<60,"Low", IF(user_behavior_dataset!$D10<=180,"Medium","High")) -> High | O10: =IF(user_behavior_dataset!$H10>=1341,"Yes","No") -> No | P10: =IF(user_behavior_dataset!$F10>=2229,"Yes","No") -> No
A11: 10 | B11: iPhone 12 | C11: iOS | D11: 424 | E11: 6.6 | F11: 1957 | G11: 75 | H11: 1301 | I11: 42 | J11: =IF(I11="","Unknown",IF(I11<25,"<25",IF(I11<=40,"25–40","40+"))) -> 40+ | K11: Male | L11: 4 | M11: =IF(D11>=60,"Yes","No") -> Yes | N11: =IF(user_behavior_dataset!$D11<60,"Low", IF(user_behavior_dataset!$D11<=180,"Medium","High")) -> High | O11: =IF(user_behavior_dataset!$H11>=1341,"Yes","No") -> No | P11: =IF(user_behavior_dataset!$F11>=2229,"Yes","No") -> No
A12: 11 | B12: Google Pixel 5 | C12: Android | D12: 53 | E12: 1.4 | F12: 435 | G12: 17 | H12: 162 | I12: 34 | J12: =IF(I12="","Unknown",IF(I12<25,"<25",IF(I12<=40,"25–40","40+"))) -> 25–40 | K12: Female | L12: 1 | M12: =IF(D12>=60,"Yes","No") -> No | N12: =IF(user_behavior_dataset!$D12<60,"Low", IF(user_behavior_dataset!$D12<=180,"Medium","High")) -> Low | O12: =IF(user_behavior_dataset!$H12>=1341,"Yes","No") -> No | P12: =IF(user_behavior_dataset!$F12>=2229,"Yes","No") -> No
A13: 12 | B13: OnePlus 9 | C13: Android | D13: 215 | E13: 5.5 | F13: 1690 | G13: 47 | H13: 641 | I13: 24 | J13: =IF(I13="","Unknown",IF(I13<25,"<25",IF(I13<=40,"25–40","40+"))) -> <25 | K13: Male | L13: 3 | M13: =IF(D13>=60,"Yes","No") -> Yes | N13: =IF(user_behavior_dataset!$D13<60,"Low", IF(user_behavior_dataset!$D13<=180,"Medium","High")) -> High | O13: =IF(user_behavior_dataset!$H13>=1341,"Yes","No") -> No | P13: =IF(user_behavior_dataset!$F13>=2229,"Yes","No") -> No
A14: 13 | B14: OnePlus 9 | C14: Android | D14: 462 | E14: 6.2 | F14: 2303 | G14: 65 | H14: 1099 | I14: 57 | J14: =IF(I14="","Unknown",IF(I14<25,"<25",IF(I14<=40,"25–40","40+"))) -> 40+ | K14: Female | L14: 4 | M14: =IF(D14>=60,"Yes","No") -> Yes | N14: =IF(user_behavior_dataset!$D14<60,"Low", IF(user_behavior_dataset!$D14<=180,"Medium","High")) -> High | O14: =IF(user_behavior_dataset!$H14>=1341,"Yes","No") -> No | P14: =IF(user_behavior_dataset!$F14>=2229,"Yes","No") -> Yes
... A701: 700 | B701: OnePlus 9 | C701: Android | D701: 212 | E701: 5.4 | F701: 1306 | G701: 49 | H701: 828 | I701: 23 | J701: =IF(I701="","Unknown",IF(I701<25,"<25",IF(I701<=40,"25–40","40+"))) -> <25 | K701: Female | L701: 3 | M701: =IF(D701>=60,"Yes","No") -> Yes | N701: =IF(user_behavior_dataset!$D701<60,"Low", IF(user_behavior_dataset!$D701<=180,"Medium","High")) -> High | O701: =IF(user_behavior_dataset!$H701>=1341,"Yes","No") -> No | P701: =IF(user_behavior_dataset!$F701>=2229,"Yes","No") -> No

Sheet Active_User
A3: Row Labels | B3: Count of User ID
A4: No | B4: 0.087142857
A5: Yes | B5: 0.91285714
A6: Grand Total | B6: 1

Sheet Engagement distriubution
A3: Row Labels | B3: Count of User ID
A4: High | B4: 418
A5: Low | B5: 61
A6: Medium | B6: 221
A7: Grand Total | B7: 700

Sheet Avg App Usage Time by Engagemen
A3: Row Labels | B3: Average of App Usage Time (min/day)
A4: High | B4: 388.28708
A5: Low | B5: 43.590164
A6: Medium | B6: 112.33937
A7: Grand Total | B7: 271.12857

Sheet Avg Screen Time by Engagement
A3: Row Labels | B3: Average of Screen On Time (hours/day)
A4: High | B4: 7.2839713
A5: Low | B5: 1.5065574
A6: Medium | B6: 2.5081448
A7: Grand Total | B7: 5.2727143

Sheet Avg Data Usage by Engagement
A3: Row Labels | B3: Average of Data Usage (MB/day)
A4: High | B4: 1333.4856
A5: Low | B5: 195.7377
A6: Medium | B6: 368.70136
A7: Grand Total | B7: 929.74286

Sheet Avg Battery Drain 
A3: Row Labels | B3: Average of Battery Drain (mAh/day)
A4: High | B4: 2097.3636
A5: Low | B5: 444.2623
A6: Medium | B6: 741.23529
A7: Grand Total | B7: 1525.1586

Sheet High Data Users (Top 25%)
A3: Row Labels | B3: Count of User ID
A4: No | B4: 0.74857143
A5: Yes | B5: 0.25142857
A6: Grand Total | B6: 1

Sheet High Battery Users (Top 25%)
A3: Row Labels | B3: Count of User ID
A4: No | B4: 0.74857143
A5: Yes | B5: 0.25142857
A6: Grand Total | B6: 1

Sheet Engagement vs Time, Data & Batt
A3: Row Labels | B3: Average of App Usage Time (min/day) | C3: Average of Battery Drain (mAh/day) | D3: Average of Data Usage (MB/day)
A4: High | B4: 388.28708 | C4: 2097.3636 | D4: 1333.4856
A5: Low | B5: 43.590164 | C5: 444.2623 | D5: 195.7377
A6: Medium | B6: 112.33937 | C6: 741.23529 | D6: 368.70136
A7: Grand Total | B7: 271.12857 | C7: 1525.1586 | D7: 929.74286

Sheet Engagement Level by Age Group
A3: Count of User ID | B3: Column Labels
A4: Row Labels | B4: High | C4: Low | D4: Medium | E4: Grand Total
A5: <25 | B5: 79 | C5: 12 | D5: 19 | E5: 110
A6: 25–40 | B6: 150 | C6: 25 | D6: 101 | E6: 276
A7: 40+ | B7: 189 | C7: 24 | D7: 101 | E7: 314
A8: Grand Total | B8: 418 | C8: 61 | D8: 221 | E8: 700

Sheet Dashboards
A3: Row Labels | B3: Count of User ID | J3: Row Labels | K3: Count of User ID | R3: Row Labels | S3: Average of App Usage Time (min/day)
A4: No | B4: 0.087142857 | J4: High | K4: 418 | R4: High | S4: 388.28708
A5: Yes | B5: 0.91285714 | J5: Low | K5: 61 | R5: Low | S5: 43.590164
A6: Grand Total | B6: 1 | J6: Medium | K6: 221 | R6: Medium | S6: 112.33937
J7: Grand Total | K7: 700 | R7: Grand Total | S7: 271.12857
